candidate_id,peptide_wt,peptide_mut,mut_pos_1based,gene,hla_allele,note
CAND_01,SAMAFTIAV,SLMAFTIAV,2,TP53,HLA-A*02:01,GOLD — perfect anchors L@P2 V@P9
CAND_02,VAMSFYLAV,VLMSFYLAV,2,KRAS,HLA-A*02:01,GOLD — perfect anchors L@P2 V@P9
CAND_03,SAYDPAKAV,SMYDPAKAV,2,BRAF,HLA-A*02:01,GOOD — M@P2 good anchor V@P9
CAND_04,ALNSATIRV,ALNSYTIRV,5,PIK3CA,HLA-A*02:01,GOOD — L@P2 V@P9 variable middle
CAND_05,GLAFQAPEL,GLAFQYPEL,6,EGFR,HLA-A*02:01,GOOD — L@P2 L@P9 good anchors
CAND_06,KLTDFINAV,KLTDFINAV,4,NRAS,HLA-A*02:01,TRAP D3 — WT == MUT nonexistent mutation
CAND_07,YVDEHATKL,YVDEHGTKL,6,CDH1,HLA-A*02:01,MEDIOCRE — V@P2 acceptable L@P9 charged middle
CAND_08,KADSGAFRL,KADSGTFRL,6,APC,HLA-A*02:01,MEDIOCRE — A@P2 weak L@P9 average
CAND_09,FTQEYGNGL,FTQEYGNAL,8,RB1,HLA-A*02:01,MEDIOCRE — T@P2 weak L@P9 average
CAND_10,YLNRQAGAV,YLNRQFGAV,6,PTEN,HLA-A*02:01,GOOD — L@P2 V@P9 good anchors
CAND_11,IAVMILMVL,ILVMILMVL,2,MYC,HLA-A*02:01,BAD A1 — extreme hydrophobicity all I/L/V/M
CAND_12,DAKREKDRK,DDKREKDRK,2,BRCA1,HLA-A*02:01,BAD A2 C1 C2 — extreme charge D@P2 K@P9
CAND_13,ALGTAINQL,ALGTFINQL,5,VHL,HLA-A*02:01,NEUTRAL — L@P2 L@P9 ok anchors average profile
CAND_14,SLNRTARLV,SLNRTFRLV,6,BRCA2,HLA-A*02:01,BAD D1 — exact self-match in corpus
CAND_15,GLTDAFAQP,GLTDAFNQP,7,ATM,HLA-A*02:01,BAD C2 — P@P9 worst anchor
CAND_16,ALDDFANQV,ALXDF*NQV,3,CHEK2,HLA-A*02:01,BAD B4 — contains X and * sanity check
CAND_17,FATEDNGKL,FATEDHGKL,6,MLH1,HLA-A*02:01,MEDIOCRE — A@P2 weak L@P9 charged middle
CAND_18,GLWDPFNAV,GLWDPFNAV,12,MSH2,HLA-A*02:01,TRAP D3 — mut_pos outside peptide window (9-mer)
