candidate_id,peptide_wt,peptide_mut,mut_pos_1based,gene,hla_allele,note
P1_001,NLMLLHGYV,NLMRLHGYV,4,KRAS,HLA-A*02:01,GOLD — L@P2 V@P9 radical mutation at P4
P1_002,GLKLWAYKV,GLKLWAWKV,7,BRAF,HLA-A*02:01,GOLD — L@P2 V@P9 radical mutation at P7
P1_003,SMSPMHKPV,SMSRMHKPV,4,PIK3CA,HLA-A*02:01,GOLD — M@P2 V@P9 radical mutation at P4
P1_004,ALMCTYGRL,ALMWTYGRL,4,EGFR,HLA-A*02:01,GOLD — L@P2 L@P9 radical mutation at P4
P1_005,SMFCLNFLI,SMFWLNFLI,4,NRAS,HLA-A*02:01,GOLD — M@P2 I@P9 radical mutation at P4
P1_006,AMIQQKMFI,AMIQKKMFI,5,CDH1,HLA-A*02:01,GOLD — M@P2 I@P9 radical mutation at P5
P1_007,TLRMYLPCV,TLRMWLPCV,5,APC,HLA-A*02:01,GOLD — L@P2 V@P9 radical mutation at P5
P1_008,GMKPKVRTL,GMKPFVRTL,5,RB1,HLA-A*02:01,GOLD — M@P2 L@P9 radical mutation at P5
P1_009,KLYMSRQLI,KLYMWRQLI,5,PTEN,HLA-A*02:01,GOLD — L@P2 I@P9 radical mutation at P5
P1_010,GLHISFRRV,GLHISFWRV,7,MYC,HLA-A*02:01,GOLD — L@P2 V@P9 radical mutation at P7
P1_011,NLGYMPGNI,NLGYMPWNI,7,BRCA1,HLA-A*02:01,GOLD — L@P2 I@P9 radical mutation at P7
P1_012,NLMWIWGNI,NLMWKWGNI,5,VHL,HLA-A*02:01,GOLD — L@P2 I@P9 radical mutation at P5
P1_013,KLAPVAGQI,KLAPVDGQI,6,BRCA2,HLA-A*02:01,GOLD — L@P2 I@P9 radical mutation at P6
P1_014,GLFVFYHHI,GLFVFYFHI,7,ATM,HLA-A*02:01,GOLD — L@P2 I@P9 radical mutation at P7
P1_015,KMSKYKNRI,KMSKYYNRI,6,CHEK2,HLA-A*02:01,GOLD — M@P2 I@P9 radical mutation at P6
P1_016,IIIDMAWVV,IIIYMAWVV,4,MLH1,HLA-A*02:01,GOOD — I@P2 V@P9 mutation at P4
P1_017,DMCIDCMDV,DMCIDCIDV,7,MSH2,HLA-A*02:01,GOOD — M@P2 V@P9 mutation at P7
P1_018,HVVFWWSIA,HVVFWQSIA,6,ARID1A,HLA-A*02:01,GOOD — V@P2 A@P9 mutation at P6
P1_019,EMQNQQRCV,EMQNQQRFV,8,FBXW7,HLA-A*02:01,GOOD — M@P2 V@P9 mutation at P8
P1_020,MLEIHHVRA,MLERHHVRA,4,NFE2L2,HLA-A*02:01,GOOD — L@P2 A@P9 mutation at P4
P1_021,RMIDRVECI,RMIDRVEWI,8,CTNNB1,HLA-A*02:01,GOOD — M@P2 I@P9 mutation at P8
P1_022,ILGQSSHPV,ILHQSSHPV,3,SMAD4,HLA-A*02:01,GOOD — L@P2 V@P9 mutation at P3
P1_023,PIKRLQVSV,PIKHLQVSV,4,GATA3,HLA-A*02:01,GOOD — I@P2 V@P9 mutation at P4
P1_024,CVWVCMCCL,CVWVCMTCL,7,KMT2C,HLA-A*02:01,GOOD — V@P2 L@P9 mutation at P7
P1_025,GACTDGDYM,GAKTDGDYM,3,NOTCH1,HLA-A*02:01,GOOD — A@P2 M@P9 mutation at P3
P1_026,WIIWYCYDV,WIIWYYYDV,6,FAT1,HLA-A*02:01,GOOD — I@P2 V@P9 mutation at P6
P1_027,MAKHMIKPM,MAKMMIKPM,4,IDH1,HLA-A*02:01,GOOD — A@P2 M@P9 mutation at P4
P1_028,DIARYWEDI,DIARYWIDI,7,FGFR3,HLA-A*02:01,GOOD — I@P2 I@P9 mutation at P7
P1_029,FANDINLGI,FANDIWLGI,6,ERBB2,HLA-A*02:01,GOOD — A@P2 I@P9 mutation at P6
P1_030,TVAVLEFKM,TVFVLEFKM,3,TP53,HLA-A*02:01,GOOD — V@P2 M@P9 mutation at P3
P1_031,KALYHMHKL,KALYHMTKL,7,KRAS,HLA-A*02:01,GOOD — A@P2 L@P9 mutation at P7
P1_032,DVQKCAMFV,DVQKCAMLV,8,BRAF,HLA-A*02:01,GOOD — V@P2 V@P9 mutation at P8
P1_033,VMQVAEDFA,VMQVAECFA,7,PIK3CA,HLA-A*02:01,GOOD — M@P2 A@P9 mutation at P7
P1_034,VVFQFCLNM,VVPQFCLNM,3,EGFR,HLA-A*02:01,GOOD — V@P2 M@P9 mutation at P3
P1_035,EMNVQYFIL,EMNGQYFIL,4,NRAS,HLA-A*02:01,GOOD — M@P2 L@P9 mutation at P4
P1_036,EGGMQIKGV,EGGMQCKGV,6,CDH1,HLA-A*02:01,MEDIOCRE — G@P2 V@P9 weak G@P2
P1_037,AGHRNLIIV,AGHRNLIHV,8,APC,HLA-A*02:01,MEDIOCRE — G@P2 V@P9 weak G@P2
P1_038,VGKDKNTPL,VGKDANTPL,5,RB1,HLA-A*02:01,MEDIOCRE — G@P2 L@P9 weak G@P2
P1_039,QAGWKCEYL,QAGWNCEYL,5,PTEN,HLA-A*02:01,MEDIOCRE — A@P2 L@P9 weak A@P2
P1_040,CGTEPWHKI,CGTEPWHRI,8,MYC,HLA-A*02:01,MEDIOCRE — G@P2 I@P9 weak G@P2
P1_041,YAVHNQDMI,YAVHEQDMI,5,BRCA1,HLA-A*02:01,MEDIOCRE — A@P2 I@P9 weak A@P2
P1_042,FSLQMPLVI,FSLRMPLVI,4,VHL,HLA-A*02:01,MEDIOCRE — S@P2 I@P9 weak S@P2
P1_043,AGGYWLPVI,AGGYLLPVI,5,BRCA2,HLA-A*02:01,MEDIOCRE — G@P2 I@P9 weak G@P2
P1_044,HTWYMRRRL,HTWYMRTRL,7,ATM,HLA-A*02:01,MEDIOCRE — T@P2 L@P9 weak T@P2
P1_045,ITDLTYMDI,ITDLTYMMI,8,CHEK2,HLA-A*02:01,MEDIOCRE — T@P2 I@P9 weak T@P2
P1_046,DLEDDERHV,DLEDDRRHV,6,MLH1,HLA-A*02:01,MEDIOCRE — L@P2 V@P9 charged middle
P1_047,AVERRREEI,AVRRRREEI,3,MSH2,HLA-A*02:01,MEDIOCRE — V@P2 I@P9 charged middle
P1_048,RLHRDHEDV,RLHSDHEDV,4,ARID1A,HLA-A*02:01,MEDIOCRE — L@P2 V@P9 charged middle
P1_049,QVHHKRHHI,QVHHKRSHI,7,FBXW7,HLA-A*02:01,MEDIOCRE — V@P2 I@P9 charged middle
P1_050,SLRRKEKHI,SLRRKEKKI,8,NFE2L2,HLA-A*02:01,MEDIOCRE — L@P2 I@P9 charged middle
P1_051,VMDKEKKKL,VMGKEKKKL,3,CTNNB1,HLA-A*02:01,MEDIOCRE — M@P2 L@P9 charged middle
P1_052,MLREEDRRV,MLREEDSRV,7,SMAD4,HLA-A*02:01,MEDIOCRE — L@P2 V@P9 charged middle
P1_053,PMERRHDHV,PMERRADHV,6,GATA3,HLA-A*02:01,MEDIOCRE — M@P2 V@P9 charged middle
P1_054,SMRRHHHEL,SMRKHHHEL,4,KMT2C,HLA-A*02:01,MEDIOCRE — M@P2 L@P9 charged middle
P1_055,FMDRKRERL,FMDRKRWRL,7,NOTCH1,HLA-A*02:01,MEDIOCRE — M@P2 L@P9 charged middle
P1_056,WDWADQFRE,WDWDDQFRE,4,FAT1,HLA-A*02:01,BAD — terrible anchors D@P2 E@P9
P1_057,MEHRMMPKE,MEHRMKPKE,6,IDH1,HLA-A*02:01,BAD — terrible anchors E@P2 E@P9
P1_058,ADVCNIDCE,ADICNIDCE,3,FGFR3,HLA-A*02:01,BAD — terrible anchors D@P2 E@P9
P1_059,YDFIFSEWD,YDFSFSEWD,4,ERBB2,HLA-A*02:01,BAD — terrible anchors D@P2 D@P9
P1_060,VVLILVIIV,VVLILVMIV,7,TP53,HLA-A*02:01,BAD — all hydrophobic no diversity
P1_061,MMLILIVII,MMLIMIVII,5,KRAS,HLA-A*02:01,BAD — all hydrophobic no diversity
P1_062,MVIVIMMIM,MVIVMMMIM,5,BRAF,HLA-A*02:01,BAD — all hydrophobic no diversity
P1_063,VKQKNHGFV,VKQKNCGFV,7,PIK3CA,HLA-A*02:01,BAD — near self-match (1 AA from corpus)
P1_064,SAWPDGWLY,SAWPDGILY,8,EGFR,HLA-A*02:01,BAD — near self-match (1 AA from corpus)
P1_065,SPALQYRKS,SPALQSRKS,7,NRAS,HLA-A*02:01,BAD — near self-match (1 AA from corpus)
P1_066,KKEDKRERH,KKEDKRHRH,7,CDH1,HLA-A*02:01,BAD — all charged residues
P1_067,KDRKEREKK,KDRKRREKK,5,APC,HLA-A*02:01,BAD — all charged residues
P1_068,HKHDHEDER,HKHDHKDER,6,RB1,HLA-A*02:01,BAD — all charged residues
P1_069,RRRDDKERE,RRRDRKERE,5,PTEN,HLA-A*02:01,BAD — all charged residues
P1_070,RHHKRHKKR,RHHKKHKKR,5,MYC,HLA-A*02:01,BAD — all charged residues
P1_071,KLMAFTIAV,KLMAFTIAV,5,TP53,HLA-A*02:01,TRAP — WT == MUT
P1_072,SLMAFTIAV,SLMAFTIAV,15,KRAS,HLA-A*02:01,TRAP — mut_pos=15 outside window
P1_073,ALMAFTIAV,ALXAFTIAV,3,BRAF,HLA-A*02:01,TRAP — contains X
P1_074,ALMAFTIAV,AL,2,PIK3CA,HLA-A*02:01,TRAP — peptide too short
P1_075,AFNLKGDGS,AFNLAGDGS,5,EGFR,HLA-A*02:01,TRAP — exact self-match (AFNLAGDGS)
