candidate_id,peptide_mut,label,pipeline_score,pipeline_rank,rank_el,netmhcpan_rank,rank_delta
CAND_05,GLAFQYPEL,GOOD,0.996,1,0.188,8,7
CAND_10,YLNRQFGAV,GOOD,0.98,2,0.865,10,8
CAND_13,ALGTFINQL,UNKNOWN,0.97,3,0.107,7,4
CAND_14,SLNRTFRLV,BAD,0.96,4,1.334,12,8
CAND_09,FTQEYGNAL,MEDIOCRE,0.9159999999999999,5,1.772,13,8
CAND_04,ALNSYTIRV,GOOD,0.915,6,0.023,3,-3
CAND_03,SMYDPAKAV,GOOD,0.865,7,0.097,6,-1
CAND_08,KADSGTFRL,MEDIOCRE,0.861,8,1.164,11,3
CAND_02,VLMSFYLAV,GOLD,0.84,9,0.213,9,0
CAND_17,FATEDHGKL,MEDIOCRE,0.83,10,8.408,16,6
CAND_07,YVDEHGTKL,MEDIOCRE,0.812,11,0.064,5,-6
CAND_01,SLMAFTIAV,GOLD,0.665,12,0.049,4,-8
CAND_18,GLWDPFNAV,TRAP,0.59,13,0.017,2,-11
CAND_06,KLTDFINAV,TRAP,0.56,14,0.006,1,-13
CAND_11,ILVMILMVL,BAD,0.43700000000000006,15,3.149,14,-1
CAND_15,GLTDAFNQP,BAD,0.28600000000000003,16,4.955,15,-1
CAND_12,DDKREKDRK,BAD,0.07,17,95.0,17,0
